0.000000000000000000e+00,0.000000000000000000e+00,0.000000000000000000e+00,0.000000000000000000e+00,0.000000000000000000e+00,0.000000000000000000e+00
-1.034536793967496315e+00,4.584858782286752032e-01,-6.298522522595391138e-01,4.603513266324086306e-01,1.622614670000002146e+00,-8.540132076755222457e+00
4.348841086257637656e+00,5.943221429343310547e+00,4.341114350903985120e+00,5.936527821667183957e+00,7.714700000000002333e+00,-3.063662678540964635e+00
4.598573938409541428e-01,1.620500676966005305e+00,4.603486796625610444e-01,1.616983315324838300e+00,2.914016300000002335e+00,-7.377385331394526347e+00
-4.996845490100028542e+00,-6.227723874014314376e+00,-5.878363604548762389e+00,-5.893448437430549802e+00,-1.397306153346174895e+01,-1.348327399328037757e+01
0.000000000000000000e+00,0.000000000000000000e+00,0.000000000000000000e+00,0.000000000000000000e+00,0.000000000000000000e+00,0.000000000000000000e+00
-4.996845490119661726e+00,-7.124176612564835587e+00,-7.129639742395455393e+00,-6.966120202198132993e+00,-1.591711708152796945e+01,-1.442894957147226442e+01
-3.136962263511702709e+00,-5.830994693707669541e+00,-3.391265254319645539e+00,-4.019307377848654994e+00,-1.277496200269286497e+01,-1.463144057366052841e+01
1.622614670000002146e+00,-3.211070580000000341e+00,-7.005544837331452168e-01,3.835002780000174027e-02,-8.914159619888909702e+00,-8.839092910430792926e+00
-2.374402515013075643e+00,-6.952923216001667406e+00,-6.691185693622699659e+00,-6.956730592055401452e+00,-1.591675400693754483e+01,-1.496905464702959065e+01
0.000000000000000000e+00,0.000000000000000000e+00,0.000000000000000000e+00,0.000000000000000000e+00,0.000000000000000000e+00,0.000000000000000000e+00
-1.527113905569998487e+00,-5.791018960321890674e+00,-6.183549690876491312e+00,-2.808569389957241036e+00,-1.279623640247024596e+01,-1.404072763798113499e+01
-3.823266037160528708e+00,-5.043283368686707568e+00,-4.859162786346719720e+00,-4.583070716281302914e+00,-1.350321177985608934e+01,-1.384770487622195567e+01
-2.374402515176917916e+00,-4.483422582602498707e+00,-4.020621571931230598e+00,-4.356687682261285666e+00,-1.353545739368213141e+01,-1.290169181555225997e+01
-6.217629645352857892e+00,-6.318140211479104096e+00,-3.823266037160599762e+00,-6.286027228143402645e+00,-1.357896697106104256e+01,-1.214167023899999975e+01
0.000000000000000000e+00,0.000000000000000000e+00,0.000000000000000000e+00,0.000000000000000000e+00,0.000000000000000000e+00,0.000000000000000000e+00
1.429999999999533244e+01,1.700000000000000000e+01,1.430000000000000071e+01,1.700000000000000000e+01,8.000000000000000000e+00,2.000000000000000000e+01
2.913427127842564524e+00,1.618437606416182728e+00,2.914016300000002335e+00,1.622557702761896481e+00,-7.377389481366147805e+00,4.603493089477753153e-01
9.683000000000001606e+00,7.714699832263412382e+00,5.940053560212179562e+00,7.618650776799405833e+00,-1.285373790732407873e+00,5.942487980767932498e+00
4.348907000000002299e+00,2.914015672935669432e+00,-3.278454862500000289e+00,2.913953138627486172e+00,-6.085983705606428984e+00,1.617569342890261552e+00
0.000000000000000000e+00,0.000000000000000000e+00,0.000000000000000000e+00,0.000000000000000000e+00,0.000000000000000000e+00,0.000000000000000000e+00
-1.938051277117798232e+00,-5.902471491053381536e-01,-5.901474841658538306e-01,4.603532030000019315e-01,-9.631245168222953623e+00,-9.631246779466209773e+00
-2.607423137393477752e+00,-2.709988732147157631e+00,-3.384300317772523048e+00,5.943230000000002455e+00,-1.089989290898999919e+01,-4.727278431126568314e+00
-1.801355848448567443e+00,-4.356904433232383411e+00,-4.406455802109078945e+00,1.622614670000002146e+00,-1.242826857146619091e+01,-1.240815335095800087e+01
-4.440939444226034816e+00,-5.853336367092225601e+00,-5.847691660608030695e+00,-6.187130724287786876e+00,-1.282887944280000170e+01,-1.395482275838147856e+01
0.000000000000000000e+00,0.000000000000000000e+00,0.000000000000000000e+00,0.000000000000000000e+00,0.000000000000000000e+00,0.000000000000000000e+00
-4.440939433444501816e+00,-5.209559350295381641e+00,-7.003322772805534058e+00,-7.096272606091924118e+00,-1.431610170643058311e+01,-1.610538526928462844e+01
-2.374402515012998371e+00,-5.782609588766390196e+00,-5.737042995183442073e+00,-5.784137247632891388e+00,-1.229920972083008834e+01,-1.295015210684746343e+01
4.133079312968075958e-01,-3.822142049190000002e+00,-9.099310500990074324e-01,4.603532030000019315e-01,-1.268750753829000111e+01,-1.268923643829000092e+01
-3.136962263511706261e+00,-4.140405825268072881e+00,-7.198329609751733749e+00,-6.993541301033424418e+00,-1.483122658964401630e+01,-1.478352931228856981e+01
0.000000000000000000e+00,0.000000000000000000e+00,0.000000000000000000e+00,0.000000000000000000e+00,0.000000000000000000e+00,0.000000000000000000e+00
-2.374402515012998371e+00,-3.441612399510596276e+00,-6.188370850185699545e+00,-5.883511025435442576e+00,-1.521553077063993520e+01,-1.387405046143267739e+01
-3.136962263511700044e+00,-4.878887715877283426e+00,-3.926302962238959360e+00,-4.889606994688196373e+00,-1.305627249309681126e+01,-1.290310373080952289e+01
-1.527113905569998487e+00,-2.526568468295949721e+00,-2.538428491542928711e+00,-3.902433416615727513e+00,-1.302002319934425145e+01,-1.152531138711046665e+01
-3.136962263511698712e+00,-6.043697872650602321e+00,-5.901512917089292820e+00,-5.958061931748701134e+00,-1.449199443258575926e+01,-1.491240212937848852e+01
0.000000000000000000e+00,0.000000000000000000e+00,0.000000000000000000e+00,0.000000000000000000e+00,0.000000000000000000e+00,0.000000000000000000e+00
1.182729929125194168e+01,-9.989999999999999991e-01,1.410065126910000188e+01,1.700000000000000000e+01,-9.000000000000000000e+00,3.461760810000001243e+00
4.348907000000002299e+00,2.906743211191925358e+00,2.913886388873029976e+00,1.578566799304067736e+00,-6.085990463231433445e+00,-6.090732922238093039e+00
7.714615396608270892e+00,5.116350723572528736e+00,1.454668179156899832e+00,2.570541064931880504e-01,-4.580924723115782804e+00,-3.811193146513750740e+00
5.943144300575402106e+00,-2.693806215570000440e+00,-3.285000317700000227e+00,-3.332312975700000290e+00,-1.168642943999999950e+01,-1.154625479999999982e+01
0.000000000000000000e+00,0.000000000000000000e+00,0.000000000000000000e+00,0.000000000000000000e+00,0.000000000000000000e+00,0.000000000000000000e+00
-3.823266037160837350e+00,-6.981101113637086186e+00,-6.988524060838774865e+00,-7.070694720703334823e+00,-1.499414334434188412e+01,-1.368496177788710355e+01
-5.856821172999991942e-01,-5.417111349032448508e+00,-5.446989231873469173e+00,-4.990924946287835340e+00,-1.295112252187108126e+01,-1.155259330155443465e+01
-3.136962263511698712e+00,-6.119157619676064641e+00,-6.569573226013802447e+00,-6.144399009322349059e+00,-1.471519791203841443e+01,-1.515763450791964040e+01
-2.375058412695980614e+00,-1.546221238589963409e+00,-5.856821172999981950e-01,-3.437097898707352606e+00,-1.054622190498373691e+01,-1.052717398279110661e+01
0.000000000000000000e+00,0.000000000000000000e+00,0.000000000000000000e+00,0.000000000000000000e+00,0.000000000000000000e+00,0.000000000000000000e+00
-2.377597234988577668e+00,-1.527514478767280970e+00,-5.856821172999981950e-01,-1.567176200591986701e+00,-1.053012806833551096e+01,-1.052715696669291745e+01
-4.013671103598230872e+00,-3.290235283799999966e+00,2.914016300000002335e+00,1.131270051420001810e+00,-1.162490327999999984e+01,-1.162645281899999894e+01
-2.374402515012998371e+00,-5.395699479043326363e+00,-5.475035674972069444e+00,-5.359507750666576698e+00,-1.207640985622433760e+01,-1.162144692909000021e+01
-3.823266037160619302e+00,-7.192828944786988643e+00,-6.028534812082737560e+00,-6.976688272652853406e+00,-1.600034478088125312e+01,-1.588309561838115158e+01
0.000000000000000000e+00,0.000000000000000000e+00,0.000000000000000000e+00,0.000000000000000000e+00,0.000000000000000000e+00,0.000000000000000000e+00
-3.136962263545259422e+00,-6.491823567430112796e+00,-4.443404390968014539e+00,-6.489795383519773253e+00,-1.276916599173745404e+01,-1.303295189431995027e+01
-2.374402515012998371e+00,-4.452285550660604052e+00,-4.834351258476218050e+00,-3.274207948610165619e+00,-1.221625725515516336e+01,-1.300964928154430567e+01
-4.035705887038612438e+00,-4.321307479590001499e+00,-2.374402515013144033e+00,-4.355213028758946336e+00,-1.182326603717231706e+01,-1.227095085870000091e+01
-2.374402515013012582e+00,-5.813689073082716874e+00,-5.577091415629352511e+00,-5.927899754467845561e+00,-1.436080175515636626e+01,-1.339496108986106826e+01
0.000000000000000000e+00,0.000000000000000000e+00,0.000000000000000000e+00,0.000000000000000000e+00,0.000000000000000000e+00,0.000000000000000000e+00
5.909082492131759956e+00,4.018823260123252084e+00,2.600222658530364050e+00,4.057231743779219357e+00,-5.722893767807877730e+00,-5.707070618004255635e+00
4.628118510000001962e+00,-1.890982799999999964e+00,1.426723396546878142e+01,8.080919118000000623e+00,-1.089018999179999980e+01,-1.089073800000000070e+01
5.943229999999950941e+00,3.586343236683554370e+00,8.379333810292255436e-02,1.996535954335031171e+00,-1.155257190000000023e+01,-7.558410261446102396e+00
7.620189817039521252e+00,3.401804060199901780e+00,6.609905515775203355e+00,-2.464290000000000092e+00,-9.000000000000000000e+00,-1.147257000000000104e+01
0.000000000000000000e+00,0.000000000000000000e+00,0.000000000000000000e+00,0.000000000000000000e+00,0.000000000000000000e+00,0.000000000000000000e+00
-4.440939433444476059e+00,-7.278467140240104882e+00,-7.307565207206056179e+00,-7.092027778606255772e+00,-1.498778103973488385e+01,-1.418311900356520994e+01
-1.527113905570415486e+00,-5.491106084604645332e+00,-5.701694932657835224e+00,-5.424726823675028342e+00,-1.352013523497051395e+01,-1.239549575246190116e+01
-6.393403232128139990e+00,-6.608578601635731964e+00,-5.145906389404833803e+00,-3.823266037160701902e+00,-1.226215831752899987e+01,-1.354296390679310669e+01
-3.136972367079811530e+00,-6.193168593180624626e-01,4.603532030000019315e-01,-1.527121106165761244e+00,-9.798093937170186507e+00,-9.617087706067588115e+00
0.000000000000000000e+00,0.000000000000000000e+00,0.000000000000000000e+00,0.000000000000000000e+00,0.000000000000000000e+00,0.000000000000000000e+00
-1.539048999780789240e+00,-5.905650629472969371e-01,4.603532030000019315e-01,-1.930716767445705084e+00,-9.586166196213437019e+00,-1.338184791795465145e+01
1.416370482275109755e+00,2.913999287611054090e+00,4.348907000000002299e+00,1.622515893160371592e+00,-6.086469570396826789e+00,-6.085998626269988776e+00
-5.272052669638464195e+00,-3.975939317392747530e+00,-3.136962263511901217e+00,-5.310074067756901606e+00,-1.434948386459955394e+01,-1.325666856202290056e+01
-7.124398360526365437e+00,-7.174390190343397755e+00,-5.497160941090064590e+00,-7.199042245258462813e+00,-1.621523370253914820e+01,-1.527398238711641376e+01
0.000000000000000000e+00,0.000000000000000000e+00,0.000000000000000000e+00,0.000000000000000000e+00,0.000000000000000000e+00,0.000000000000000000e+00
-3.823266037160528708e+00,-6.444756179679780317e+00,-6.875838710578764612e+00,-5.166168857668113290e+00,-1.345173208123245345e+01,-1.413018520380900256e+01
-1.527113934247270821e+00,-4.450847514563553986e+00,-4.394199122583300365e+00,-4.934934391867250802e+00,-1.235929297292286577e+01,-1.235935364152950022e+01
-3.771803153655900687e+00,-3.830058438489000405e+00,-1.527113905569998487e+00,-4.272948061029000932e+00,-1.227674455290000033e+01,-1.139750254351169900e+01
-1.527113905569998487e+00,-5.390449229813609300e+00,-5.369276083963780088e+00,-5.779504478738181739e+00,-1.355272942241649048e+01,-1.405281877261468892e+01
0.000000000000000000e+00,0.000000000000000000e+00,0.000000000000000000e+00,0.000000000000000000e+00,0.000000000000000000e+00,0.000000000000000000e+00
4.348903256278510376e+00,2.063420988807651124e+00,-2.692889109000000225e+00,1.751546441202860294e-01,-6.392990621478109148e+00,-9.939043638262567981e+00
1.186951740955708345e+01,1.400197863225422346e+01,1.700000000000000000e+01,1.133719432955999906e+01,5.299952541179963283e+00,5.140747981799998811e+00
-3.379437155979000185e+00,-1.374156436872251419e+00,-4.417292710102500131e+00,4.348903765527951215e+00,-8.359136127819237316e+00,-1.279903694248998036e+01
9.682999999884824405e+00,6.669846415775204207e+00,5.061666763453848361e+00,5.092164751802012113e+00,-1.483061842647275697e+00,-1.121949000000000041e+01
0.000000000000000000e+00,0.000000000000000000e+00,0.000000000000000000e+00,0.000000000000000000e+00,0.000000000000000000e+00,0.000000000000000000e+00
-4.996845490100028542e+00,-7.300891466698172572e+00,-5.678654610689873650e+00,-7.269089165371354966e+00,-1.606485580777352951e+01,-1.597763369311781112e+01
-2.374402515012998816e+00,-3.614890989688801071e+00,-5.785005029861606474e+00,-5.578115370697772413e+00,-1.222787705882270082e+01,-1.299960659156372778e+01
-4.440939433444476059e+00,-6.819349621400761841e+00,-6.837867449551242593e+00,-6.697565513127052839e+00,-1.485109922776105762e+01,-1.480878387052296219e+01
-5.856883220535158419e-01,4.600572179210058454e-01,4.602538683119097307e-01,-5.889809895831068509e-01,1.622614670000002146e+00,-8.539842021982378739e+00
0.000000000000000000e+00,0.000000000000000000e+00,0.000000000000000000e+00,0.000000000000000000e+00,0.000000000000000000e+00,0.000000000000000000e+00
-5.861553805121987315e-01,4.549331886891748722e-01,4.598004707675277802e-01,-7.981795629305570294e-01,1.622614670000002146e+00,-8.589570207386927336e+00
2.914016190149705476e+00,4.348906244076773397e+00,4.348905772990693919e+00,2.912955301619060577e+00,5.943230000000002455e+00,-4.669143535147354029e+00
-2.374402515012998371e+00,-5.572368319851300100e+00,-5.432080665385994322e+00,-5.355058059041369667e+00,-1.347586056331596005e+01,-1.154782008000000104e+01
-4.996845490100028542e+00,-7.236764444553427822e+00,-5.668340784597727833e+00,-6.111501183569591156e+00,-1.464062614350557467e+01,-1.445793896530645917e+01
0.000000000000000000e+00,0.000000000000000000e+00,0.000000000000000000e+00,0.000000000000000000e+00,0.000000000000000000e+00,0.000000000000000000e+00
-4.440939433444702544e+00,-6.914247660173780119e+00,-6.944308667386338563e+00,-6.752079082787058262e+00,-1.422462967020282143e+01,-1.389934030865579473e+01
-2.374402515012999260e+00,-4.893164228463228405e+00,-4.934483091263192733e+00,-4.451510011299824043e+00,-1.288236630331799937e+01,-1.393061896832217883e+01
-5.856821172999981950e-01,-3.217107428999999907e+00,-3.276730628999999784e+00,-3.874723585389000746e+00,-1.080909000000000120e+01,-1.161915480000000045e+01
-5.784108601977644426e+00,-5.810729661626090170e+00,-5.767256998936017176e+00,-2.374402515044611750e+00,-1.457279556626238204e+01,-1.407621235402526239e+01
0.000000000000000000e+00,0.000000000000000000e+00,0.000000000000000000e+00,0.000000000000000000e+00,0.000000000000000000e+00,0.000000000000000000e+00
2.914016300000002335e+00,1.622183767442102242e+00,1.619893501154268556e+00,2.913817055091122210e+00,-7.377427990937387214e+00,4.603393708570428511e-01
1.430000000000000071e+01,1.700000000000000000e+01,1.700000000000000000e+01,1.429999999999998650e+01,7.999999999999998224e+00,2.000000000000000000e+01
2.914016300000002335e+00,1.622614407110131385e+00,1.613471860919140077e+00,2.908946064402157639e+00,-7.383551374749514729e+00,4.603027202238773041e-01
7.714700000000002333e+00,5.942965986067607176e+00,5.935567770000002241e+00,7.714695144001820992e+00,-3.056770264683712046e+00,4.347248946182068252e+00
0.000000000000000000e+00,0.000000000000000000e+00,0.000000000000000000e+00,0.000000000000000000e+00,0.000000000000000000e+00,0.000000000000000000e+00
-5.615922224324495282e+00,4.603532030000019315e-01,-5.595676675970205238e+00,-5.186959811655126096e+00,-1.417791437972677926e+01,-1.004425228397518133e+01
2.900003935413691281e+00,5.943230000000002455e+00,2.850736744320464311e+00,4.342337309920561772e+00,-4.651099895646897409e+00,-4.651158490129938983e+00
-5.860846187272045205e-01,1.622614670000002146e+00,-5.856911836791883763e-01,4.603482431611162773e-01,-8.539685602851617929e+00,-8.584885465518114600e+00
-4.440939433444476059e+00,-5.532773385771116992e+00,-5.584549097486234182e+00,-5.846804081132442654e+00,-1.438303574956448116e+01,-1.433219087977662376e+01
0.000000000000000000e+00,0.000000000000000000e+00,0.000000000000000000e+00,0.000000000000000000e+00,0.000000000000000000e+00,0.000000000000000000e+00
-4.440939433444476059e+00,-6.998205734207044060e+00,-6.847129878570644479e+00,-6.849118959242820992e+00,-1.399103063342667497e+01,-1.456490908508805049e+01
-5.076648868694045191e+00,-5.089794417298275420e+00,-2.374402515012998371e+00,-3.155526995146216152e+00,-1.332037411759728052e+01,-1.232740077861304151e+01
2.914016300000002335e+00,9.317497056920709397e-02,9.132775463745756994e-02,1.617223501098632221e+00,-7.382159592053883834e+00,-7.977547490250676887e+00
-1.527113905569998487e+00,-6.701209092670174172e+00,-6.819545175189817954e+00,-6.501275850805372514e+00,-1.174237691066879741e+01,-1.371946878697220562e+01
0.000000000000000000e+00,0.000000000000000000e+00,0.000000000000000000e+00,0.000000000000000000e+00,0.000000000000000000e+00,0.000000000000000000e+00
-5.856821172999981950e-01,-5.637954706998280940e+00,-5.797894779440817992e+00,-5.814230533784461308e+00,-1.070217433205764301e+01,-1.037440251501299748e+01
-3.136962263511698712e+00,-4.869739982274437828e+00,-4.990031850929461221e+00,-3.835522003860827311e+00,-1.344281871211697776e+01,-1.360753119060627903e+01
-1.527113905569998487e+00,-3.748701134847429284e+00,-3.438251424985415472e+00,-2.525885367112986390e+00,-1.153268150751186205e+01,-1.154242001479507707e+01
-5.919299424795991804e+00,-6.242144905465549343e+00,-3.136962263511987814e+00,-4.028535035666116926e+00,-1.490810717076850267e+01,-1.475143112499564779e+01
0.000000000000000000e+00,0.000000000000000000e+00,0.000000000000000000e+00,0.000000000000000000e+00,0.000000000000000000e+00,0.000000000000000000e+00
1.187000000000000099e+01,1.700000000000000000e+01,1.186999999999998501e+01,1.430000000000000071e+01,5.300000000000000711e+00,5.300000000000000711e+00
4.348906999979480936e+00,-4.088038371733751397e+00,-3.865152106565083567e+00,-3.956317742853307173e+00,-1.341402981673143202e+01,-1.308056793735879708e+01
1.187000000000000099e+01,7.714284831860771519e+00,7.714686523342614954e+00,9.682994656158202318e+00,6.829999927920881175e-01,6.829877091404299438e-01
5.943227159677332949e+00,2.354128461000002392e+00,5.943230000000002455e+00,4.348837380757760940e+00,-4.651100056014774609e+00,-4.651163889935270745e+00
0.000000000000000000e+00,0.000000000000000000e+00,0.000000000000000000e+00,0.000000000000000000e+00,0.000000000000000000e+00,0.000000000000000000e+00
-2.378090211298487855e+00,-5.856821172999981950e-01,-1.937947418995320970e+00,-6.318967795329938353e-01,-1.053122332443045828e+01,-1.053105026410332634e+01
1.566382095755015413e+00,3.577895842884531330e+00,2.846331026285202181e+00,4.348907000000002299e+00,-6.154034533253337713e+00,-6.093806591665678951e+00
-5.130885176169739381e+00,4.603532030000019315e-01,-4.975729325355247923e+00,-4.597647516381671906e+00,-1.080418404494644236e+01,-1.360375964670485871e+01
-3.823266037160528708e+00,-5.436907398305287131e+00,-4.544128008024657106e+00,-5.374810939572151725e+00,-1.354946283007479302e+01,-1.344579206901389767e+01
0.000000000000000000e+00,0.000000000000000000e+00,0.000000000000000000e+00,0.000000000000000000e+00,0.000000000000000000e+00,0.000000000000000000e+00
-3.823266037160528708e+00,-6.985363921805978649e+00,-6.843952080673330940e+00,-6.691555760470059511e+00,-1.393772999162107595e+01,-1.402112458354295299e+01
-1.527113905569998487e+00,-5.316087306661142264e+00,-5.356345845745989820e+00,-3.347180627996200641e+00,-1.138563263295561079e+01,-1.138887069245576988e+01
-4.071840742264014601e+00,-4.322322752229090348e+00,-4.298101578943380296e+00,1.622614670000002146e+00,-1.170522549900000087e+01,-1.308042729194139042e+01
-2.374402515012998371e+00,-6.909803557780991312e+00,-3.519068172727737753e+00,-2.804507231644274956e+00,-1.509351163459651168e+01,-1.440061851043322427e+01
0.000000000000000000e+00,0.000000000000000000e+00,0.000000000000000000e+00,0.000000000000000000e+00,0.000000000000000000e+00,0.000000000000000000e+00
-1.527113905569998487e+00,-3.167243506616693960e+00,-2.678268706051202930e+00,-5.818371254306761386e+00,-1.165701525503089897e+01,-1.151423527904951349e+01
-2.374402515012998371e+00,-4.600041314401815740e+00,-5.043233093041025406e+00,-4.608123685900040734e+00,-1.289008072370931224e+01,-1.274428047180824208e+01
-5.856821172999981950e-01,-3.299663708836334752e+00,-3.421889187107598929e+00,-3.889960844362290171e+00,-1.240351311942909973e+01,-1.071659049546097719e+01
-2.374402515012998371e+00,-5.454979925725282008e+00,-5.461503429205356142e+00,-4.035320905783107648e+00,-1.196308392390000108e+01,-1.354735978767201665e+01
0.000000000000000000e+00,0.000000000000000000e+00,0.000000000000000000e+00,0.000000000000000000e+00,0.000000000000000000e+00,0.000000000000000000e+00
8.504966556995942284e+00,1.424907492206310167e+01,1.010352633911100106e+01,1.430000000000000071e+01,2.861545847821418853e+00,1.315265945101112166e+00
5.943230000000002455e+00,2.761865142756210645e+00,4.348883385641790333e+00,2.907264427046143407e+00,-4.735263548937807876e+00,-1.295037206595414681e+01
-9.999900000000000455e-01,-2.392290000000000472e+00,7.688606584759168250e+00,9.683000000000001606e+00,-1.339503817583922674e+00,-1.394064811392648817e+00
7.714700000000002333e+00,4.345366162092932250e+00,5.943229915104983441e+00,4.348906295545154066e+00,-3.056829432299997595e+00,-3.056770774649391953e+00
0.000000000000000000e+00,0.000000000000000000e+00,0.000000000000000000e+00,0.000000000000000000e+00,0.000000000000000000e+00,0.000000000000000000e+00
-3.136962263511698712e+00,-4.643076941174548722e+00,-4.644651981127166707e+00,-6.735775848739183225e+00,-1.572490210167484470e+01,-1.311190503643952887e+01
4.603532030000019315e-01,-4.995794535114061574e+00,-1.824079782033372954e+00,-1.020177020961845038e+00,-1.228646174878988973e+01,-1.383321431319842887e+01
-2.374402515012998371e+00,-4.020913712850052057e+00,-4.079971244759469151e+00,-5.997641725942995272e+00,-1.240446822733077248e+01,-1.216441551375077346e+01
-3.139222369140376223e+00,-1.527113905569998487e+00,-3.906594757242189075e+00,-2.391596362508562112e+00,-1.137457360609785617e+01,-1.308509720696006973e+01
0.000000000000000000e+00,0.000000000000000000e+00,0.000000000000000000e+00,0.000000000000000000e+00,0.000000000000000000e+00,0.000000000000000000e+00
-3.160462669852375228e+00,-1.527113905569998487e+00,-1.531415645180883356e+00,-2.377618561552808707e+00,-1.140079897854002411e+01,-1.139570172632720180e+01
-3.855954239486999668e+00,1.622614669999445924e+00,-3.417151286233989005e+00,-3.774691089270000521e+00,-1.240628869665090050e+01,-1.241997414435090086e+01
-4.661932436030188143e+00,-4.899490899779842756e+00,-1.527113905569998487e+00,-2.626602242903314455e+00,-1.388952636495965187e+01,-1.234438849294651064e+01
-3.136962263511698712e+00,-6.914102749436927375e+00,-6.896992075137545974e+00,-6.941802710001635290e+00,-1.304017614949350801e+01,-1.312713690214474127e+01
0.000000000000000000e+00,0.000000000000000000e+00,0.000000000000000000e+00,0.000000000000000000e+00,0.000000000000000000e+00,0.000000000000000000e+00
-2.374402515012998371e+00,-4.066880248433403011e+00,-6.156236860229003405e+00,-6.182113848002165568e+00,-1.445223869397842797e+01,-1.499556480301199635e+01
-1.527113905569998487e+00,-3.950585880515657511e+00,-4.422196316312287045e+00,-4.002620859893790239e+00,-1.300515920267004155e+01,-1.219770119700000066e+01
4.603532030000019315e-01,-3.693568950900000480e+00,-1.752057665613485415e+00,-3.785859707994900347e+00,-1.215879221438999913e+01,-1.221850460438999875e+01
-5.186891091363505346e+00,-5.404736488828673302e+00,-1.527113905569998487e+00,-5.633516595457106924e+00,-1.392989838667002545e+01,-1.347428919523198587e+01
0.000000000000000000e+00,0.000000000000000000e+00,0.000000000000000000e+00,0.000000000000000000e+00,0.000000000000000000e+00,0.000000000000000000e+00
7.714700000000002333e+00,4.060111629990471371e+00,2.460336320363784246e+00,5.863068431284207627e+00,-3.422416732328319000e+00,-3.099458644358227488e+00
6.689267106147900321e+00,-1.874700000000000033e+00,1.186999995529168395e+01,9.527354609069076830e+00,-1.087289190000000083e+01,4.949301892987698626e-01
7.714700000000002333e+00,4.348906080143139619e+00,4.348818801266764567e+00,5.943138227927587280e+00,-3.056770084907861396e+00,-3.057883306232162646e+00
8.695899445230001135e+00,5.591317915912224379e+00,9.682999999998930463e+00,7.610435775881805753e+00,-2.246318066488441900e+00,-1.712951732623445800e+00
0.000000000000000000e+00,0.000000000000000000e+00,0.000000000000000000e+00,0.000000000000000000e+00,0.000000000000000000e+00,0.000000000000000000e+00
-6.737294865933093568e+00,-6.987558651200934001e+00,-6.969460350184102815e+00,-3.823266037160528708e+00,-1.364918312169217707e+01,-1.593446371702269992e+01
-4.984189180455764756e+00,-5.319688164897098837e+00,-5.351854756902636012e+00,-5.856821172999981950e-01,-1.296810185756393174e+01,-1.288842419283479934e+01
-6.091767643043084490e+00,-6.127447371673360621e+00,-4.610346590558420665e+00,-3.136962263511698712e+00,-1.432337151483054427e+01,-1.469284341580641140e+01
-3.839510079759359318e+00,-3.889770724178650330e+00,-3.884266441849680618e+00,-2.374402515012998371e+00,-1.295374417876386985e+01,-1.290609708542895717e+01
0.000000000000000000e+00,0.000000000000000000e+00,0.000000000000000000e+00,0.000000000000000000e+00,0.000000000000000000e+00,0.000000000000000000e+00
-6.080733355905930004e+00,-5.570865525629189463e+00,-5.856821172999981950e-01,-2.719371661628894543e+00,-1.436107308152454110e+01,-1.082209171834347039e+01
8.504584649100221938e-02,2.914016300000002335e+00,2.914014073531030480e+00,4.205477654558750777e-01,-7.382290005758886053e+00,-7.431295067999252879e+00
-5.856821172999981950e-01,-5.313561076710312747e+00,-2.404840001965485641e+00,-4.906295843406009993e+00,-1.057877209207457803e+01,-1.404178854591858716e+01
-7.037202539616517427e+00,-6.911282905202647875e+00,-7.058438897902576059e+00,-3.823266037160528708e+00,-1.529459018248223678e+01,-1.443136636554400631e+01
0.000000000000000000e+00,0.000000000000000000e+00,0.000000000000000000e+00,0.000000000000000000e+00,0.000000000000000000e+00,0.000000000000000000e+00
-3.167672181775886386e+00,-6.113275582831377619e+00,-6.475604371734881681e+00,-3.136962263511698712e+00,-1.276727634628945296e+01,-1.530868714517158757e+01
-5.856821172999981950e-01,-3.908558153137185354e+00,-3.961175428164607215e+00,-4.238159716541701094e+00,-1.077696315842974428e+01,-1.280654107335090153e+01
-3.859258899464687254e+00,-2.775092320846193505e+00,-5.856821172999981950e-01,-3.163822314390000390e+00,-1.168307018999999869e+01,-1.075292915346197908e+01
-5.856821172999981950e-01,-2.645481561143834703e+00,-3.044014397605242728e+00,-5.447493934449493480e+00,-1.078273058780232319e+01,-1.081799400960322721e+01
0.000000000000000000e+00,0.000000000000000000e+00,0.000000000000000000e+00,0.000000000000000000e+00,0.000000000000000000e+00,0.000000000000000000e+00
5.052135280652314542e+00,2.640811504352431172e+00,2.894648391344644800e+00,5.943230000000002455e+00,-4.953131222473542650e+00,-4.748181708394942468e+00
9.681769151223871717e+00,1.404364631399999830e+01,1.430000000000000071e+01,9.588761470594070246e+00,2.863366616115000873e+00,2.821881599998555590e+00
5.942366297108642392e+00,2.886855567175295789e+00,2.848763533121221769e+00,5.943230000000002455e+00,-4.657990535279997957e+00,-4.658772761308203947e+00
1.187000000000000099e+01,7.713744209249404626e+00,7.713619352719298661e+00,7.714681950267539001e+00,6.829999583260683016e-01,6.829995538900245355e-01
0.000000000000000000e+00,0.000000000000000000e+00,0.000000000000000000e+00,0.000000000000000000e+00,0.000000000000000000e+00,0.000000000000000000e+00
-4.698279120173385337e+00,-7.239530290349665442e+00,-6.969293856834464229e+00,-4.440939433444476059e+00,-1.415954931921454119e+01,-1.579041134732834095e+01
-1.527113905569998487e+00,-5.381609357796184767e+00,-5.520757337091580119e+00,-1.914668512887597540e+00,-1.287915198492257218e+01,-1.305534253628211694e+01
-4.087720766658732074e+00,-5.176736573202419756e+00,-6.479866674977337482e+00,-3.823266037160528708e+00,-1.275551004025899182e+01,-1.520792229062900702e+01
-1.773969111349158023e+00,4.603532030000019315e-01,-6.192713299368699520e-01,-3.906494366401083163e+00,-9.613338143905977518e+00,-1.289003957379206966e+01
0.000000000000000000e+00,0.000000000000000000e+00,0.000000000000000000e+00,0.000000000000000000e+00,0.000000000000000000e+00,0.000000000000000000e+00
-1.959039639571082958e+00,4.603532030000019315e-01,-5.857299269355535909e-01,-1.929275880408322319e+00,-1.005829870057270981e+01,-9.585726187254074659e+00
-3.895858424943000387e+00,4.348907000000002299e+00,-1.337394376182032829e-02,1.593446084549474895e+00,-1.214553348000000099e+01,-6.375378142961380945e+00
-1.527113905569998487e+00,-5.391028871850371829e+00,-5.313808078748709640e+00,-5.276268160936703921e+00,-1.156136993310414418e+01,-1.208278188972900047e+01
-4.440939433444476059e+00,-7.073600893330676875e+00,-7.139516613729896655e+00,-7.103091023152356520e+00,-1.401668133019530593e+01,-1.401664755736857160e+01
0.000000000000000000e+00,0.000000000000000000e+00,0.000000000000000000e+00,0.000000000000000000e+00,0.000000000000000000e+00,0.000000000000000000e+00
-6.523833128946331605e+00,-6.647905042302482137e+00,-4.663946706990001800e+00,-3.823266037160528708e+00,-1.347714890570466117e+01,-1.338928111084338468e+01
-1.527113905569998487e+00,-3.899563856039700127e+00,-3.894710265058238807e+00,-4.024812495946941127e+00,-1.088189919000000039e+01,-1.339954253106928483e+01
4.603532030000019315e-01,-1.940193297419743557e+00,-3.142503900000000350e+00,-1.744694929246867199e+00,-9.605950505126997996e+00,-1.213194779999999895e+01
-1.527113905569998487e+00,-5.979810107470860281e+00,-5.544752589652607533e+00,-5.526737580571247754e+00,-1.363445677779483134e+01,-1.408992134773125571e+01
0.000000000000000000e+00,0.000000000000000000e+00,0.000000000000000000e+00,0.000000000000000000e+00,0.000000000000000000e+00,0.000000000000000000e+00
4.348907000000002299e+00,1.622609419618144422e+00,2.913957966644673991e+00,4.348892837036143710e+00,-6.086568197347614451e+00,-6.085989538853284309e+00
1.187000000000000099e+01,1.700000000000000000e+01,1.430000000000000071e+01,1.187000000000000099e+01,5.300000000000000711e+00,5.300000000000000711e+00
1.622401555431640219e+00,1.400404559447915309e+00,2.913382584903636996e+00,4.348907000000002299e+00,-6.085983772089770483e+00,-6.154752035206015215e+00
9.681844229880542940e+00,5.685922777604784706e+00,7.714484682635020185e+00,9.683000000000001606e+00,-1.294895790000009761e+00,-1.295544347999997736e+00
0.000000000000000000e+00,0.000000000000000000e+00,0.000000000000000000e+00,0.000000000000000000e+00,0.000000000000000000e+00,0.000000000000000000e+00
-5.811358730292845998e+00,-5.856821172999981950e-01,-2.741733413884572812e+00,-5.665810262026252708e+00,-1.066778507168123191e+01,-1.093575184779473375e+01
1.053353050666812507e+00,4.348907000000002299e+00,-4.006914362004937225e+00,2.232007757765428924e+00,-1.242723062305890025e+01,-6.767979434685120310e+00
-1.872493592835049903e+00,4.603532030000019315e-01,-1.530659062084105182e+00,-6.247601737111019293e-01,-9.585722625576480027e+00,-9.589607927230130002e+00
-5.048528049149911823e+00,-5.375526660502045750e+00,-3.823266037160528708e+00,-5.486554623580724765e+00,-1.337298216481752178e+01,-1.344067428996565106e+01
0.000000000000000000e+00,0.000000000000000000e+00,0.000000000000000000e+00,0.000000000000000000e+00,0.000000000000000000e+00,0.000000000000000000e+00
-5.176231573066287339e+00,-5.179580073583245792e+00,-3.823266037160528708e+00,-6.739524357333014137e+00,-1.535627164721461391e+01,-1.546831253047344568e+01
-5.845396166375239844e+00,-5.429146114514724175e+00,-1.527113905569998487e+00,-5.076653591592229731e+00,-1.089000900000000094e+01,-1.411680275067234902e+01
4.348907000000002299e+00,1.622614126715448579e+00,1.622559337393842283e+00,2.244082524306302506e+00,-6.085989014497197758e+00,-6.086523249047074202e+00
-5.856821172999981950e-01,-2.803465756865238134e+00,-2.374407044859960347e+00,-2.007391135926795300e+00,-1.053204974284148143e+01,-1.100669067741500307e+01
0.000000000000000000e+00,0.000000000000000000e+00,0.000000000000000000e+00,0.000000000000000000e+00,0.000000000000000000e+00,0.000000000000000000e+00
4.603532030000019315e-01,-1.527542277322184949e+00,-1.565833178622306088e+00,-5.856825984339087965e-01,-9.585720113342599547e+00,-9.617502678057897825e+00
-4.618294743487235010e+00,-5.012140234286890816e+00,-2.374402515012998371e+00,-3.322968931129389958e+00,-1.232631535203406692e+01,-1.213784143759878553e+01
-2.708825710555800015e+00,-2.538474362749096436e+00,-5.856821172999981950e-01,-3.428567300097117965e+00,-1.071718565817661073e+01,-1.071771644247716715e+01
-5.759856877929625973e+00,-5.871986220512046550e+00,-2.374402515012998371e+00,-5.905184969849228693e+00,-1.392317543183152750e+01,-1.379088368451421331e+01
0.000000000000000000e+00,0.000000000000000000e+00,0.000000000000000000e+00,0.000000000000000000e+00,0.000000000000000000e+00,0.000000000000000000e+00
9.682999999988201267e+00,1.430000000000000071e+01,9.683000000000001606e+00,1.186999999999862077e+01,2.870000000000000995e+00,2.870000000000000551e+00
2.913263761996683243e+00,2.906645772405775485e+00,5.943230000000002455e+00,4.348906791045970444e+00,-4.698019262893740944e+00,-4.653159879428579337e+00
1.430000000000000071e+01,9.683000000000001606e+00,9.683000000000001606e+00,1.186999999999991573e+01,2.869999999999977014e+00,2.870000000000000995e+00
4.348905611719856346e+00,4.348906185101443000e+00,7.714700000000002333e+00,5.943229150975283481e+00,-3.057553323899997455e+00,-3.064603967999997458e+00
0.000000000000000000e+00,0.000000000000000000e+00,0.000000000000000000e+00,0.000000000000000000e+00,0.000000000000000000e+00,0.000000000000000000e+00
-3.140089816100758657e+00,-1.527113905569998487e+00,-3.137286638358642410e+00,-1.940278788764030704e+00,-1.137460464901125157e+01,-1.141127270742339661e+01
4.603523475833131706e-01,2.914016300000002335e+00,4.557465610125612798e-01,2.913261281363285438e+00,-7.377434500294468123e+00,-7.377956187187947101e+00
-2.406163658714397968e+00,-1.027105370958161679e+00,-2.377616514267952397e+00,-5.856821172999981950e-01,-1.053076628847967555e+01,-1.052715250628469157e+01
-4.449848014718196687e+00,-5.395006950927657030e+00,-3.136962263511698712e+00,-4.446469124051763977e+00,-1.387116273478927653e+01,-1.382136105487781919e+01
0.000000000000000000e+00,0.000000000000000000e+00,0.000000000000000000e+00,0.000000000000000000e+00,0.000000000000000000e+00,0.000000000000000000e+00
-6.318033641214849006e+00,-6.585846373522053376e+00,-3.136962263511698712e+00,-4.637930518646953715e+00,-1.284305585528685256e+01,-1.284552364306736649e+01
-2.662342218569179408e+00,-2.377303512098075444e+00,-5.856821172999981950e-01,-5.119056765090046923e+00,-1.082688913542941833e+01,-1.276565664366900066e+01
3.725374784368802317e-01,4.603466233877315794e-01,4.589339758538634184e-01,2.914016300000002335e+00,-7.933678704398604786e+00,-7.382795389352128090e+00
-3.157889509546063955e+00,-3.175168885216181014e+00,-3.137059790492205735e+00,-1.527113905569998487e+00,-1.141369317874230127e+01,-1.137846784182625726e+01
0.000000000000000000e+00,0.000000000000000000e+00,0.000000000000000000e+00,0.000000000000000000e+00,0.000000000000000000e+00,0.000000000000000000e+00
-2.374405951813848947e+00,-2.374405602125797543e+00,-2.377514962334363435e+00,-5.856821172999981950e-01,-1.056439351482479694e+01,-1.052711782747921276e+01
-4.072893465781797673e+00,-4.028054844488024422e+00,-1.527113905569998487e+00,-4.085847506488662795e+00,-1.138424589913273977e+01,-1.348178384629946791e+01
-1.545472135372966571e+00,-3.437392971034151756e+00,4.603532030000019315e-01,-1.544219457011768659e+00,-9.798095560863597342e+00,-9.613407413152602388e+00
-3.164768375318304017e+00,-3.139506778211607951e+00,-1.527113905569998487e+00,-3.384397521854716651e+00,-1.347484673352031592e+01,-1.156691097125214185e+01
0.000000000000000000e+00,0.000000000000000000e+00,0.000000000000000000e+00,0.000000000000000000e+00,0.000000000000000000e+00,0.000000000000000000e+00
7.714171785034300122e+00,1.186999999998496769e+01,7.714699949472210605e+00,1.187000000000000099e+01,6.818514809287935519e-01,6.829999867828433491e-01
4.348906843394120258e+00,4.348906711085485099e+00,7.714700000000002333e+00,4.348906503551302372e+00,-3.056775104955669953e+00,-3.056770934303451259e+00
7.714699992887825708e+00,7.714699999583589651e+00,7.714699999999917956e+00,1.187000000000000099e+01,6.829999839482026047e-01,6.829998801908998551e-01
5.943186727903402300e+00,5.943225441351934535e+00,9.683000000000001606e+00,5.943229989835757010e+00,-1.285301180411429822e+00,-1.285307714699997605e+00
0.000000000000000000e+00,0.000000000000000000e+00,0.000000000000000000e+00,0.000000000000000000e+00,0.000000000000000000e+00,0.000000000000000000e+00
-3.825535232306478406e+00,-4.114780590781684566e+00,-4.114565314736529089e+00,-2.374402515012998371e+00,-1.214020438353591658e+01,-1.246185070596524547e+01
-6.253331207243308931e-01,-6.241757400643102027e-01,-6.296745762399034163e-01,1.622614670000002146e+00,-8.543447963780732124e+00,-8.588248319692075583e+00
-5.839498200297871477e+00,-3.161962069973466516e+00,-3.137362615782654185e+00,-1.527113905569998487e+00,-1.137466798911781041e+01,-1.140552920715379770e+01
-3.952495599938460558e+00,-2.374402515012998371e+00,-3.829594521741358726e+00,-5.172725656430274377e+00,-1.294073443780090393e+01,-1.225151633252612271e+01
0.000000000000000000e+00,0.000000000000000000e+00,0.000000000000000000e+00,0.000000000000000000e+00,0.000000000000000000e+00,0.000000000000000000e+00
-3.848581015092574997e+00,-2.374402515012998371e+00,-6.237528090510708445e+00,-3.850089969959516356e+00,-1.215995967308113279e+01,-1.399075158555365306e+01
-1.555058911434870517e+00,3.709242417012651449e-01,4.603532030000019315e-01,-1.833237914409645342e+00,-9.715099045026081015e+00,-9.613147330269898205e+00
-6.239303664228215140e-01,-2.374653908921111167e+00,-5.894971745407309172e-01,1.622614670000002146e+00,-8.539962920478808783e+00,-1.243066213582034862e+01
-3.843335038526646930e+00,-4.131792785230750553e+00,-4.139216105561471792e+00,-2.374402515012998371e+00,-1.216579962326065889e+01,-1.251092503037671122e+01
0.000000000000000000e+00,0.000000000000000000e+00,0.000000000000000000e+00,0.000000000000000000e+00,0.000000000000000000e+00,0.000000000000000000e+00
-3.165766100324601151e+00,-3.167454675911173911e+00,-3.165375348583586934e+00,-1.527113905569998487e+00,-1.168381104860125319e+01,-1.167423977647235134e+01
-2.417017420250216819e+00,-2.374738029363201886e+00,-5.856821172999981950e-01,-2.527050244206804130e+00,-1.054157909415331318e+01,-1.052734783324248724e+01
-1.684298073527143336e+00,-5.888588254129889510e-01,1.622614670000002146e+00,-6.036970289045466842e-01,-8.901836925714906812e+00,-8.543491983306953585e+00
-2.394670941940280962e+00,-5.640841479821125048e+00,-5.856821172999981950e-01,-2.605026080755504125e+00,-1.089060630433461618e+01,-1.053068105739621529e+01
0.000000000000000000e+00,0.000000000000000000e+00,0.000000000000000000e+00,0.000000000000000000e+00,0.000000000000000000e+00,0.000000000000000000e+00
5.943229986323284919e+00,5.943229867654042486e+00,5.943229999770481164e+00,9.683000000000001606e+00,-1.285300000012999044e+00,-1.285300001390513813e+00
5.943228384262279285e+00,9.682996632812264082e+00,9.683000000000001606e+00,5.943229997950894017e+00,-1.285300000009641952e+00,-1.285300000000503928e+00
5.943229999998949076e+00,5.943229215703922819e+00,5.943143762760667137e+00,9.683000000000001606e+00,-1.285300010662792980e+00,-1.285300000539195908e+00
7.714272822894999493e+00,7.714699647334321675e+00,1.187000000000000099e+01,7.714620594511880647e+00,6.829999950376459683e-01,6.829868087244915786e-01
0.000000000000000000e+00,0.000000000000000000e+00,0.000000000000000000e+00,0.000000000000000000e+00,0.000000000000000000e+00,0.000000000000000000e+00
-4.695242090632111953e+00,-4.702562776720066395e+00,-4.675125283859415504e+00,-3.136962263511698712e+00,-1.311302361893287483e+01,-1.564827415975291203e+01
-4.622338947675128651e+00,-4.997667190743645627e+00,-5.050358019697648082e+00,4.603532030000019315e-01,-1.003710108853761263e+01,-9.630251451526099515e+00
-5.705649989091264196e+00,-3.825524364937006094e+00,-4.085315670241362440e+00,-2.374402515012998371e+00,-1.216488775730414140e+01,-1.216714119752831280e+01
-4.533176949774888165e+00,-3.136962263511698712e+00,-4.596631259711181805e+00,-3.264738114104514644e+00,-1.346215220581901484e+01,-1.299112487983568620e+01
0.000000000000000000e+00,0.000000000000000000e+00,0.000000000000000000e+00,0.000000000000000000e+00,0.000000000000000000e+00,0.000000000000000000e+00
-5.905334960805803668e+00,-5.996330873084443347e+00,-1.527113905569998487e+00,-6.004140030425962671e+00,-1.451194558303264337e+01,-1.418489099155402933e+01
-9.197318915423986496e-01,1.622614670000002146e+00,1.573397153002433102e+00,-3.936958520203800216e+00,-8.581861634141928263e+00,-8.543452009604767028e+00
-4.398010218525714166e+00,-4.917464298010175483e+00,-1.530071742313577232e+00,4.603532030000019315e-01,-1.383779934898312725e+01,-9.585686381689454194e+00
-4.469690142875236916e+00,-4.702455360073401813e+00,-4.693752744935251187e+00,-3.136962263511698712e+00,-1.284821870688187850e+01,-1.314614956768472354e+01
0.000000000000000000e+00,0.000000000000000000e+00,0.000000000000000000e+00,0.000000000000000000e+00,0.000000000000000000e+00,0.000000000000000000e+00
-6.541280066321395914e+00,-3.823299479947408486e+00,-6.633727384824624096e+00,-2.374402515012998371e+00,-1.237870892797972822e+01,-1.406668539592409495e+01
4.603532030000019315e-01,-1.552093702206178261e+00,-1.527687676665668848e+00,-1.527131302134256075e+00,-9.588325968857189352e+00,-9.588924448959438962e+00
2.914016300000002335e+00,-1.533958710252168123e+00,4.603156637498442838e-01,4.236975042200930019e-01,-7.907020655874268833e+00,-9.999228110205907072e+00
4.603532030000019315e-01,-1.527482611853774763e+00,-1.568816367237249265e+00,-1.588161163163886336e+00,-1.239659161578000024e+01,-9.586113895504741578e+00
0.000000000000000000e+00,0.000000000000000000e+00,0.000000000000000000e+00,0.000000000000000000e+00,0.000000000000000000e+00,0.000000000000000000e+00
4.348906979692376495e+00,4.348906994502334200e+00,4.348906999999709200e+00,7.714700000000002333e+00,-3.056770000099656048e+00,-3.056770026758751424e+00
7.714700000000002333e+00,1.186999999999998323e+01,1.187000000000000099e+01,7.714700000000002333e+00,6.830000000000013838e-01,6.830000000000016058e-01
4.344391301708268927e+00,4.271169920976698897e+00,1.622070291095538686e+00,7.714700000000002333e+00,-3.056778467099985352e+00,-3.057705589031680216e+00
1.430000000000000071e+01,9.682999999947540459e+00,9.682999999971903193e+00,9.682999999999999829e+00,2.869999995107150870e+00,2.870000000000000995e+00
0.000000000000000000e+00,0.000000000000000000e+00,0.000000000000000000e+00,0.000000000000000000e+00,0.000000000000000000e+00,0.000000000000000000e+00
-5.186809726427652478e+00,-7.104042162401296601e+00,-6.824006547639394071e+00,-3.823266037160528708e+00,-1.364620306563875118e+01,-1.571196883854731041e+01
-5.469530192088196685e+00,-5.477207260799618282e+00,-1.925406538796813116e+00,-5.856821172999981950e-01,-1.348487413790735800e+01,-1.227954280500000017e+01
-6.249090008436223087e+00,-6.136170698229024723e+00,-6.232472138772500614e+00,-3.136962263511698712e+00,-1.485387666492149172e+01,-1.472251502039005722e+01
-2.374650819558223880e+00,-5.856821172999981950e-01,-1.819957127020963128e+00,-4.554815272076271349e+00,-1.154781179999999985e+01,-1.076084014660015420e+01
0.000000000000000000e+00,0.000000000000000000e+00,0.000000000000000000e+00,0.000000000000000000e+00,0.000000000000000000e+00,0.000000000000000000e+00
-5.418848942400707358e+00,-5.856821172999981950e-01,-5.867491405154519946e+00,-2.687435930003304385e+00,-1.086349863039156638e+01,-1.289439040345748921e+01
-2.233412291439616837e+00,2.914016300000002335e+00,-3.835006574409000280e+00,-3.808345506219000143e+00,-8.538595912109313346e+00,-1.276178740215300067e+01
-2.395992613400415472e+00,-5.521202110410962760e+00,-1.836969388243834267e+00,-5.856821172999981950e-01,-1.170959196771899968e+01,-1.078862455752404692e+01
-5.196583335437776618e+00,-5.202055523655613634e+00,-4.693684258109826146e+00,-3.823266037160528708e+00,-1.561794388713054538e+01,-1.344345022395708789e+01
0.000000000000000000e+00,0.000000000000000000e+00,0.000000000000000000e+00,0.000000000000000000e+00,0.000000000000000000e+00,0.000000000000000000e+00
-6.672825682961982530e+00,-6.715749346398134811e+00,-4.469677152878327675e+00,-3.136962263511699156e+00,-1.389671594245581687e+01,-1.506836691616055823e+01
-2.472171690133889932e+00,-3.298092931855800103e+00,-2.101907906538995618e+00,-5.856821172999981950e-01,-1.064539114818765064e+01,-1.242790451370693638e+01
1.622614670000002146e+00,-8.478287213335229389e-01,4.602953483553469116e-01,1.351107556536221832e+00,-8.942887664387596303e+00,-8.545125437947318048e+00
-5.399257840046874257e+00,-2.721871981975164001e+00,-5.440080844776705504e+00,-5.856821172999981950e-01,-1.088567576042309071e+01,-1.086231338793778534e+01
0.000000000000000000e+00,0.000000000000000000e+00,0.000000000000000000e+00,0.000000000000000000e+00,0.000000000000000000e+00,0.000000000000000000e+00
2.913506214279887097e+00,2.913337257462548902e+00,4.348895714673995272e+00,5.943230000000002455e+00,-4.651161890334356563e+00,-4.651100285716277760e+00
9.683000000000001606e+00,1.430000000000000071e+01,1.186999999999866873e+01,9.682999999999339025e+00,2.870000000000000995e+00,2.869999999999991669e+00
-3.879859681080000122e+00,2.914016299396521514e+00,-4.048649425258389556e+00,-3.422807118828008921e+00,-1.284871417999235987e+01,-1.286812931671015292e+01
-9.999900000000000455e-01,-1.873800000000000132e+00,-1.873800000000000132e+00,1.187000000000000099e+01,-4.482011710545332761e-01,-4.859214453408533529e-01
0.000000000000000000e+00,0.000000000000000000e+00,0.000000000000000000e+00,0.000000000000000000e+00,0.000000000000000000e+00,0.000000000000000000e+00
-5.870186762912817713e+00,-1.527113905569998487e+00,-5.851029693540808374e+00,-5.855999996570823818e+00,-1.489844974569759906e+01,-1.404478483903875841e+01
-3.800383257737069975e+00,2.914016300000002335e+00,-4.076500017746130133e+00,-3.759678549000000647e+00,-1.162827008991908961e+01,-7.932483858006452948e+00
-5.535320199945248376e+00,-5.856821172999981950e-01,-4.954447782611889117e+00,-1.837453782254697909e+00,-1.081538445515654168e+01,-1.070381080452219713e+01
-5.768473893344352454e+00,-4.440939433444476059e+00,-5.522099880114173409e+00,-5.814094010837242976e+00,-1.395465392142844330e+01,-1.403460542859806814e+01
0.000000000000000000e+00,0.000000000000000000e+00,0.000000000000000000e+00,0.000000000000000000e+00,0.000000000000000000e+00,0.000000000000000000e+00
-7.186141987929964614e+00,-4.440939433444476059e+00,-7.044387590318353709e+00,-7.017000960361774453e+00,-1.418869375280309697e+01,-1.437026148969832562e+01
-6.082594713860480340e+00,-2.374402515012998371e+00,-5.992464912619154482e+00,-5.796816452809815168e+00,-1.446554677395596755e+01,-1.354155226129390677e+01
5.943230000000002455e+00,2.913135878314859539e+00,4.348906999770577819e+00,4.348906250037262389e+00,-4.651308955634911868e+00,-4.651093625234439699e+00
4.603532030000019315e-01,-1.527118154711492037e+00,-5.909243007324355146e-01,-5.861765258254905131e-01,-9.585682178002436160e+00,-9.591019933988791379e+00
0.000000000000000000e+00,0.000000000000000000e+00,0.000000000000000000e+00,0.000000000000000000e+00,0.000000000000000000e+00,0.000000000000000000e+00
1.622614670000002146e+00,-5.899373210888939623e-01,3.859593903846386675e-01,4.598121350012480679e-01,-8.539699755660477010e+00,-8.543500583335296383e+00
-4.447922987762644276e+00,-3.136962263511698712e+00,-5.056431483942946059e+00,-5.095019011077395632e+00,-1.290192686733371730e+01,-1.289785670883857627e+01
-3.217616362095646387e+00,-1.527113905569998487e+00,-3.961198647222878400e+00,-2.389154710781947522e+00,-1.236417192892729133e+01,-1.241731604590484395e+01
-6.486204348729928348e+00,-3.136962263511698712e+00,-6.125872804490137824e+00,-6.240209716067811385e+00,-1.297153316061612571e+01,-1.519272032108795401e+01
0.000000000000000000e+00,0.000000000000000000e+00,0.000000000000000000e+00,0.000000000000000000e+00,0.000000000000000000e+00,0.000000000000000000e+00
7.714698626382180180e+00,1.187000000000000099e+01,9.682999999999987395e+00,9.682765653831241437e+00,6.828774575241248757e-01,6.829977397569345632e-01
9.664499771535526307e-01,4.348907000000002299e+00,2.914008791544028920e+00,2.839395201686028880e+00,-6.160583029704810087e+00,-6.086057380629795510e+00
1.700000000000000000e+01,1.187000000000000099e+01,1.430000000000000071e+01,1.429999999856994641e+01,5.300000000000000711e+00,5.300000000000000711e+00
2.851638784532102289e+00,5.943230000000002455e+00,-3.240381730860000253e+00,4.348836575532254223e+00,-4.651100026058582415e+00,-4.651099960706187808e+00
0.000000000000000000e+00,0.000000000000000000e+00,0.000000000000000000e+00,0.000000000000000000e+00,0.000000000000000000e+00,0.000000000000000000e+00
-5.516835354267428215e+00,-2.374402515012998371e+00,-6.649926269553803948e+00,-3.459547960880167139e+00,-1.438945089503151564e+01,-1.513153291200239359e+01
-4.808530380130533466e+00,1.622614670000002146e+00,-4.437915481269720352e+00,-4.555540815222258288e+00,-1.290918331381252138e+01,-1.148858028000000076e+01
-5.808871057191961285e+00,-1.527113905569998487e+00,-6.007087175192729944e+00,-5.501250600483156283e+00,-1.449597047429089969e+01,-1.455668804121883753e+01
-5.077996152839610033e+00,-5.159508730973965562e+00,-3.823266037160528708e+00,-5.081041554945435301e+00,-1.344975897527637620e+01,-1.089000899999999916e+01
0.000000000000000000e+00,0.000000000000000000e+00,0.000000000000000000e+00,0.000000000000000000e+00,0.000000000000000000e+00,0.000000000000000000e+00
-6.494675760733895409e+00,-3.823266037160528708e+00,-6.206135897104267940e+00,-6.141055095274579045e+00,-9.000000000000000000e+00,-1.461401543890816512e+01
-3.318442769385233859e+00,-1.527113905569998487e+00,-4.958707994620040083e+00,-2.630973472134459978e+00,-1.283125056334290015e+01,-1.184433047999999999e+01
-9.649354124593534365e-01,1.622614670000002146e+00,-4.298030607401437386e+00,4.021910242859279561e-01,-1.242304431383295871e+01,-1.300536182108507788e+01
-6.712722209841876619e+00,-2.374402515012998371e+00,-6.995631355010607066e+00,-6.762456786199204650e+00,-1.578917636978545858e+01,-1.583821214501270802e+01
0.000000000000000000e+00,0.000000000000000000e+00,0.000000000000000000e+00,0.000000000000000000e+00,0.000000000000000000e+00,0.000000000000000000e+00
-6.224077405214521796e+00,-1.527113905569998487e+00,-3.456210473091499757e+00,-6.185913419221234832e+00,-1.139885063929169995e+01,-1.466860205187271404e+01
-3.887111066640095203e+00,-4.421766971462725238e+00,-2.374402515012998371e+00,-4.419648032311480179e+00,-1.216701469090258314e+01,-1.243884734833281236e+01
-2.538117877339922224e+00,-5.856821172999981950e-01,-4.005987656923467810e+00,-3.956296289643995046e+00,-1.162801735289999883e+01,-1.236439516056617727e+01
-4.029196855730758031e+00,-5.671628768883962834e+00,-2.374402515012998371e+00,-5.962423926762275173e+00,-1.499471343404378842e+01,-1.403932082715953378e+01
0.000000000000000000e+00,0.000000000000000000e+00,0.000000000000000000e+00,0.000000000000000000e+00,0.000000000000000000e+00,0.000000000000000000e+00
4.372002977086675291e-01,9.682988397020599436e+00,3.661060505576387403e+00,6.762956015866842918e+00,-9.000000000000000000e+00,-9.999900000000000233e+00
-4.077807809420082030e+00,-2.709981900808559718e+00,5.943229997953654475e+00,-3.414312487637999993e+00,-1.242962217490302379e+01,-1.242110316032190021e+01
3.550823767823359844e+00,9.682999999881667819e+00,5.815380578614968599e+00,-2.464290000000000092e+00,-2.434098553612721538e+00,-3.254206933193383833e+00
-1.540062125064898257e-01,1.006028363672854864e+00,7.714699173083469752e+00,-1.719000000000000083e+00,-7.917252238440000589e+00,-9.999000000000000554e+00
0.000000000000000000e+00,0.000000000000000000e+00,0.000000000000000000e+00,0.000000000000000000e+00,0.000000000000000000e+00,0.000000000000000000e+00
-6.925263925602546777e+00,-3.136962263511698712e+00,-6.651451899092543307e+00,-6.428506337714516405e+00,-1.493905331793625102e+01,-1.303780885485218910e+01
-4.969308255436901689e+00,4.603532030000019315e-01,-1.020872553649241787e+00,-4.543046999260136332e+00,-1.343956936214711817e+01,-9.975982467351713012e+00
-5.803375760608449951e+00,-2.374402515012998371e+00,-5.882064316149783423e+00,-2.407359202085427974e+00,-1.476919720637190636e+01,-1.396857059953523716e+01
-4.526319181520744195e+00,-3.136962263511698712e+00,-3.926771726498527570e+00,-4.540363491466687051e+00,-1.391696944411669890e+01,-1.403664204859097708e+01
0.000000000000000000e+00,0.000000000000000000e+00,0.000000000000000000e+00,0.000000000000000000e+00,0.000000000000000000e+00,0.000000000000000000e+00
-4.680370497200795121e+00,-3.136962263511698712e+00,-4.094114441627938916e+00,-6.417276229579949920e+00,-1.298954405343169505e+01,-1.284629985677221775e+01
-5.018008548954934867e+00,-5.856821172999981950e-01,-4.933011644419773134e+00,-4.635681661885391769e+00,-1.068718724973224532e+01,-1.055793327698513018e+01
-4.010071150723467426e+00,4.603532030000019315e-01,-9.869284296214755337e-01,-4.424803742205291712e+00,-1.218797437782519033e+01,-1.334155609033192746e+01
-6.828365860692352740e+00,-7.002078570691468329e+00,-4.114557315688617933e+00,-3.136962263511698712e+00,-1.565444129064637302e+01,-1.566128037971123454e+01
0.000000000000000000e+00,0.000000000000000000e+00,0.000000000000000000e+00,0.000000000000000000e+00,0.000000000000000000e+00,0.000000000000000000e+00
-3.846483042788702011e+00,-6.234308524536826823e+00,-6.380624118670279010e+00,-2.374402515012998371e+00,-1.449903491579827453e+01,-1.428977207790332926e+01
-4.441076845468106882e+00,-1.527113905569998487e+00,-4.902095045608266588e+00,-4.543909942385397471e+00,-1.224067253788801857e+01,-1.283067616010598044e+01
-4.018589561927106146e+00,4.603532030000019315e-01,-9.226795970027779070e-01,-3.963041097010835845e+00,-1.288130155773444940e+01,-1.241114589251919043e+01
-3.642775877349764713e+00,-1.527113905569998487e+00,-2.695693434689941714e+00,-5.849133376572523524e+00,-1.165762547564428431e+01,-1.137710647980332546e+01
0.000000000000000000e+00,0.000000000000000000e+00,0.000000000000000000e+00,0.000000000000000000e+00,0.000000000000000000e+00,0.000000000000000000e+00
-9.899999999999999911e-01,7.714699999814498277e+00,5.234394844845414951e+00,-1.809089999999999865e+00,-9.000000000000000000e+00,-4.872843443865973789e+00
-3.416858505190800255e+00,7.714700000000002333e+00,5.042390750468216609e+00,-3.437211055516470992e+00,-1.170879436079999891e+01,-1.170999639816067983e+01
-2.708283275918999866e+00,7.714700000000000557e+00,1.902873033849077355e+00,-2.668816800000000100e+00,-3.167008548532845857e+00,-6.702694674737661451e+00
-1.728000000000000203e+00,9.682999999995427487e+00,-1.800899999999999945e+00,-9.899999999999999911e-01,-9.900000000000000355e+00,-5.236710368040000674e+00
0.000000000000000000e+00,0.000000000000000000e+00,0.000000000000000000e+00,0.000000000000000000e+00,0.000000000000000000e+00,0.000000000000000000e+00
-6.835813537825122133e+00,-3.823266037160528708e+00,-6.878598841532266306e+00,-4.691776069709355568e+00,-1.573712500385321356e+01,-1.573747339697762726e+01
-2.401787629957773174e+00,-5.856821172999981950e-01,-5.316231052137617041e+00,-5.317610244267992670e+00,-1.075747168726946867e+01,-1.076944186766620604e+01
-6.219443225354933880e+00,-3.136962263511698712e+00,-4.602726262250047995e+00,-3.846312219604687499e+00,-1.279019669507019152e+01,-1.294055566279137359e+01
-4.517077071853022652e+00,-3.835602001232606639e+00,-2.374402515012998371e+00,-4.543022284671732081e+00,-1.284022469546190059e+01,-1.242667097302923018e+01
0.000000000000000000e+00,0.000000000000000000e+00,0.000000000000000000e+00,0.000000000000000000e+00,0.000000000000000000e+00,0.000000000000000000e+00
-6.386032688172432970e+00,-6.202929352553695708e+00,-2.374402515012998371e+00,-6.027604929124537492e+00,-1.225746812612672088e+01,-1.354181190408395175e+01
-3.728170175139000175e+00,4.603532030000019315e-01,-3.896867110564800285e+00,-6.183006634626414533e-01,-1.201477247999999953e+01,-1.222526872799999964e+01
-5.083604204296189089e+00,-4.945748265345330630e+00,-2.374402515012998371e+00,-5.053199216524511428e+00,-1.340484454830039240e+01,-1.299327105673734195e+01
-5.229118672368365139e+00,-3.823266037160528708e+00,-7.255839382291259021e+00,-7.208738266100199077e+00,-1.591868717680524625e+01,-1.371050891498749280e+01
0.000000000000000000e+00,0.000000000000000000e+00,0.000000000000000000e+00,0.000000000000000000e+00,0.000000000000000000e+00,0.000000000000000000e+00
-4.652824966739391499e+00,-3.136962263511698712e+00,-6.627617234365818177e+00,-4.097794715313172631e+00,-1.490757339246117752e+01,-1.438538217908159922e+01
1.622614670000002146e+00,-5.859586191491091833e-01,-2.470725729306665563e+00,4.587339130753357863e-01,-1.168140618990000057e+01,-8.539648055755957756e+00
4.348907000000002299e+00,1.622065725918069967e+00,1.618342356229563350e+00,2.913955074753147301e+00,-6.085984227354718001e+00,-6.086590994642940622e+00
1.622614670000002146e+00,-5.897595765328931261e-01,-5.904509099750127055e-01,4.603509287447433151e-01,-8.539657860128178513e+00,-8.539647381113557145e+00
0.000000000000000000e+00,0.000000000000000000e+00,0.000000000000000000e+00,0.000000000000000000e+00,0.000000000000000000e+00,0.000000000000000000e+00
2.913976294097610609e+00,5.943230000000002455e+00,2.914015691653026874e+00,4.348884061105825261e+00,-4.651224112582220016e+00,-4.695449628022728028e+00
5.943228887219667911e+00,9.683000000000001606e+00,9.682883205001157734e+00,7.714699999896719618e+00,-1.285300001855090191e+00,-1.285310142848686832e+00
2.914009611762920393e+00,5.943230000000002455e+00,2.203334348336945858e+00,4.348902281020749605e+00,-4.651135509863365769e+00,-4.651854336777177856e+00
1.700000000000000000e+01,1.186999999999986422e+01,1.186999999999930111e+01,1.430000000000000071e+01,5.299999999998394884e+00,5.300000000000000711e+00
0.000000000000000000e+00,0.000000000000000000e+00,0.000000000000000000e+00,0.000000000000000000e+00,0.000000000000000000e+00,0.000000000000000000e+00
-6.938328142557183220e+00,-6.763979605067405032e+00,-6.893367591420160423e+00,-4.440939433444476059e+00,-1.558222255963720038e+01,-1.561228522445894384e+01
-5.758151950205188108e+00,-5.377601837412426811e+00,-5.351594454365353748e+00,-1.527113905569998487e+00,-1.441699294991834002e+01,-1.340985310022806054e+01
-6.252286022424022427e+00,-6.402295648157118713e+00,-6.096689398575076524e+00,-3.823266037160528708e+00,-1.525363287460590378e+01,-1.504182544487880691e+01
-4.978377796387050580e+00,-1.527113905569998487e+00,-2.627063673710404057e+00,-3.306098051408835836e+00,-1.235800437461838008e+01,-1.223054470826019013e+01
0.000000000000000000e+00,0.000000000000000000e+00,0.000000000000000000e+00,0.000000000000000000e+00,0.000000000000000000e+00,0.000000000000000000e+00
-5.928696198829944031e+00,-1.527113905569998487e+00,-2.721280000617119832e+00,-5.889968473125714254e+00,-1.236179069899290184e+01,-1.438623636257164229e+01
-3.911771290547700453e+00,1.622614670000002146e+00,-3.291435200700000063e+00,-3.787170534819000345e+00,-1.234703682746999931e+01,-1.246984492195799987e+01
-3.288137030343071032e+00,-1.527113905569998487e+00,-5.033124324212786327e+00,-3.366117442660331527e+00,-1.240149199984847961e+01,-1.152205295397366669e+01
-5.871396150593200858e+00,-4.440939433444476059e+00,-5.233155264931864892e+00,-7.346427416441650315e+00,-1.450872976856326702e+01,-1.496113891295072129e+01
0.000000000000000000e+00,0.000000000000000000e+00,0.000000000000000000e+00,0.000000000000000000e+00,0.000000000000000000e+00,0.000000000000000000e+00
-6.878762304241255343e+00,-4.150518682630011114e+00,-6.929251617553056519e+00,-3.823266037190455879e+00,-1.437477314043247745e+01,-1.155544387209990020e+01
-2.692901451349800190e+00,-1.527113905569999597e+00,-3.403974590004141820e+00,-3.235810114710000462e+00,-1.147856272578200176e+01,-1.170991775466630003e+01
2.913725348148620053e+00,4.599442131396305200e-01,-1.809090000000000087e+00,2.914016300000002335e+00,-7.421542349601294219e+00,-7.378227499882484608e+00
4.603532030000019315e-01,-1.872963466361684759e+00,-4.929607774312030344e+00,-8.611624825856090126e-02,-1.398468143667607322e+01,-1.393988698055964370e+01
0.000000000000000000e+00,0.000000000000000000e+00,0.000000000000000000e+00,0.000000000000000000e+00,0.000000000000000000e+00,0.000000000000000000e+00
-1.996795885110161928e+00,4.348907000000002299e+00,2.382456948242745565e+00,3.040313818395234957e+00,-6.114107399934096243e+00,-6.153061037147016243e+00
-9.989999999999999991e-01,1.187000000000000099e+01,-1.873800000000000132e+00,5.344646696641585315e+00,5.672842841238279199e-01,-4.678607056022148214e-01
-3.757190633189190443e+00,-4.014016980396487355e+00,-3.759678549000000647e+00,4.307519971087940824e+00,-1.275522393618000017e+01,-1.289071613367000069e+01
1.398816899999841112e+01,8.409815665757999881e+00,6.951617900999999655e+00,1.429999999999999183e+01,8.108234100000011324e-01,2.724261098990132801e+00
0.000000000000000000e+00,0.000000000000000000e+00,0.000000000000000000e+00,0.000000000000000000e+00,0.000000000000000000e+00,0.000000000000000000e+00
-3.451355476718326543e+00,-2.374402515012999260e+00,-6.243761162739326132e+00,-6.243910745583424848e+00,-1.513150919888468415e+01,-1.449611763228124417e+01
-4.340802414879648907e+00,1.622614670000002146e+00,-4.351698220878999379e+00,-4.340971720057599015e+00,-1.086480000000000068e+01,-8.563160139929998138e+00
-5.523166446993974965e+00,-1.527113905569998487e+00,-5.482664720541905901e+00,-5.478865910707689579e+00,-1.448600156665703054e+01,-1.402251640439646252e+01
-6.157943952539633337e+00,-4.996845490100028542e+00,-6.153350909679558889e+00,-5.562320086973648436e+00,-1.377946106944236782e+01,-1.394103694319752229e+01
0.000000000000000000e+00,0.000000000000000000e+00,0.000000000000000000e+00,0.000000000000000000e+00,0.000000000000000000e+00,0.000000000000000000e+00
-7.235483551858100881e+00,-4.996845490100032094e+00,-7.216366870854013627e+00,-7.238248666999606229e+00,-1.489905625466158945e+01,-1.488251946406007775e+01
-6.122793019085603916e+00,-3.136962263511698712e+00,-6.287080972802896461e+00,-6.105838818818926761e+00,-1.429952265745261109e+01,-1.357420293863076566e+01
5.943229982035849623e+00,4.348906989786732957e+00,5.943229999888441029e+00,5.943221510498102766e+00,7.714700000000002333e+00,-3.065598792880148249e+00
4.022633303223533963e-01,-5.908956013945586561e-01,4.009909973718184251e-01,4.598054703896172768e-01,1.622614670000002146e+00,-8.539706486667713037e+00
0.000000000000000000e+00,0.000000000000000000e+00,0.000000000000000000e+00,0.000000000000000000e+00,0.000000000000000000e+00,0.000000000000000000e+00
1.622013861867984907e+00,4.598171007261465104e-01,1.562008770784613976e+00,1.622614608784168633e+00,2.914016300000002335e+00,-7.381712880184955416e+00
-5.111185478986055131e+00,-3.823266037160528708e+00,-5.110140001399834375e+00,-5.105367148826689849e+00,-1.411119501844074620e+01,-1.409917422042908797e+01
-3.895854210023301789e+00,-2.374402515013002368e+00,-3.912471745093682340e+00,-3.219101756393698111e+00,-1.208826774362319867e+01,-1.089008991899999934e+01
-6.533258776717870475e+00,-3.823266037160531372e+00,-6.523593718500214855e+00,-4.649208162043004577e+00,-1.394848140493424005e+01,-1.509627817836002173e+01
0.000000000000000000e+00,0.000000000000000000e+00,0.000000000000000000e+00,0.000000000000000000e+00,0.000000000000000000e+00,0.000000000000000000e+00
7.711858467858996313e+00,9.683000000000001606e+00,7.714690344087400398e+00,7.714699900987384673e+00,-1.285503042202730262e+00,5.943229995810315636e+00
1.555045347679799850e+00,2.914016300000002335e+00,1.620604433739259331e+00,1.615857847812764980e+00,-8.048072050284536871e+00,4.601367450215194110e-01
1.700000000000000000e+01,1.430000000000000071e+01,1.699999999999999645e+01,1.700000000000000000e+01,7.999999999999886313e+00,2.000000000000000000e+01
2.850429526406021541e+00,4.348907000000002299e+00,2.914009558348120699e+00,2.914016237442243806e+00,-6.152750005749451745e+00,1.622454924522129804e+00
0.000000000000000000e+00,0.000000000000000000e+00,0.000000000000000000e+00,0.000000000000000000e+00,0.000000000000000000e+00,0.000000000000000000e+00
-6.600695038336347409e+00,-3.136962263511698712e+00,-7.018933505746676182e+00,-6.698122281897978425e+00,-1.407797294350994832e+01,-1.491686572665566857e+01
-4.863020550801283370e+00,4.603531980293816828e-01,-4.843158524405093424e+00,-4.939161082421365201e+00,-1.235045708918999985e+01,-1.380734449431963284e+01
-5.850444619138634117e+00,-2.374402515013001480e+00,-5.886915490615210800e+00,-5.893652578044390467e+00,-1.403900587406600131e+01,-1.486065420321856934e+01
-5.054782725032239021e+00,-4.440939433444476059e+00,-5.531676161893775756e+00,-5.538287157522010951e+00,-1.359223626449491995e+01,-1.299706431084819158e+01
0.000000000000000000e+00,0.000000000000000000e+00,0.000000000000000000e+00,0.000000000000000000e+00,0.000000000000000000e+00,0.000000000000000000e+00
-5.025147985590678879e+00,-4.440939440758873147e+00,-6.719412905296897165e+00,-6.540756308569331878e+00,-1.498993479800785877e+01,-1.498744616028423415e+01
-4.939667110087826885e+00,-2.374402515012998371e+00,-4.558709297547983041e+00,-4.957610218401900859e+00,-1.400281739884844079e+01,-1.395500039485192900e+01
-9.669863258477953138e-01,4.603532030000019315e-01,-4.007697974821629927e+00,-4.068204506977729729e+00,-1.228870224783728915e+01,-1.295199163792046804e+01
-7.005091075566459047e+00,-3.136962263548824126e+00,-6.856822751311777431e+00,-4.141764937834116367e+00,-1.308280065759403676e+01,-1.533706138848915934e+01
0.000000000000000000e+00,0.000000000000000000e+00,0.000000000000000000e+00,0.000000000000000000e+00,0.000000000000000000e+00,0.000000000000000000e+00
-6.562900359201822020e+00,-2.374402515013388726e+00,-6.316795961094990197e+00,-6.593638338269976806e+00,-9.000000000000000000e+00,-1.231760950712998692e+01
-4.503053804070439092e+00,-3.136962263511698712e+00,-4.448031417288779821e+00,-3.887179148579262389e+00,-1.291485267175456109e+01,-1.235916606735090184e+01
-4.463155072770120135e+00,-1.527113905569998487e+00,-4.451700486488038067e+00,-2.587648503361502428e+00,-1.243401905529819196e+01,-1.243679941810788847e+01
-6.253678909645014272e+00,-3.136962267092395784e+00,-3.418507996451713105e+00,-6.243462031658633116e+00,-1.243569273594727420e+01,-1.327663895094216606e+01
0.000000000000000000e+00,0.000000000000000000e+00,0.000000000000000000e+00,0.000000000000000000e+00,0.000000000000000000e+00,0.000000000000000000e+00
-1.889280000000000070e+00,2.253986910468561256e+00,-9.999000000000000110e-01,-1.809089999999999865e+00,-1.089729900000000029e+01,-1.070919000000000132e+01
-3.895199219910168598e+00,-3.437124336144179892e+00,-3.422725331256000203e+00,-4.055829429191797786e+00,-1.307023725321635510e+01,-1.305582886161253953e+01
-1.897299000000000069e+00,6.572436075487278373e+00,-2.706116417190000067e+00,-2.555926371900000049e+00,-1.089996498000000003e+01,-1.162885408128089892e+01
-1.896570000000000089e+00,1.371102537815999778e+00,-1.897398899999999999e+00,-1.719000000000000083e+00,-1.089999890182799902e+01,-1.071900000000000119e+01
0.000000000000000000e+00,0.000000000000000000e+00,0.000000000000000000e+00,0.000000000000000000e+00,0.000000000000000000e+00,0.000000000000000000e+00
-6.957661547657760792e+00,-3.823266037160610864e+00,-6.751550585575846419e+00,-6.756669998257656573e+00,-1.544169226766084435e+01,-1.546888015738862165e+01
-5.297474723848480949e+00,-5.856821173000418268e-01,-5.343983215590636604e+00,-4.988556613016547736e+00,-1.401428681578093460e+01,-1.343309647861170042e+01
-6.185503409556283749e+00,-3.136962263511738680e+00,-6.181896316103737021e+00,-5.945656145482717925e+00,-1.353634409462318899e+01,-1.293463636641673453e+01
-4.540569094823374563e+00,-3.823266037160528708e+00,-5.464878328719543710e+00,-5.145944412508275612e+00,-1.398281303358322525e+01,-1.398553711292210266e+01
0.000000000000000000e+00,0.000000000000000000e+00,0.000000000000000000e+00,0.000000000000000000e+00,0.000000000000000000e+00,0.000000000000000000e+00
-6.734126820365075261e+00,-3.823266037160528708e+00,-6.569404735925685301e+00,-6.687732284677248451e+00,-1.365326866412315709e+01,-1.404227079404721223e+01
-5.012404413439803363e+00,-1.527113905569998487e+00,-4.973180266914666525e+00,-4.965745561787940687e+00,-1.402478369199080710e+01,-1.239743448009000026e+01
-4.949826045854369028e+00,-4.521244236430003838e+00,-4.884788150531692352e+00,-5.856821172999981950e-01,-1.167918588000000035e+01,-1.076998371484666173e+01
-6.994261977269586872e+00,-3.823266037160528708e+00,-7.039205716016977199e+00,-6.743083129378354634e+00,-1.582936262015807927e+01,-1.533995966005077349e+01
0.000000000000000000e+00,0.000000000000000000e+00,0.000000000000000000e+00,0.000000000000000000e+00,0.000000000000000000e+00,0.000000000000000000e+00
-6.179940670884961129e+00,-3.136962263511698712e+00,-6.269751653437362293e+00,-6.469843572945212173e+00,-1.288939519748699958e+01,-1.423924672962404259e+01
-4.445990738193906999e+00,-4.841930173120757352e+00,-4.954811178779487513e+00,-3.823266037160528708e+00,-1.385103669047197883e+01,-1.347735175953132369e+01
-3.279270179670928265e+00,-4.437762511815815714e+00,-4.496204931435846319e+00,-2.374402515012998816e+00,-1.216428547094814405e+01,-1.234148188529999679e+01
-5.947568475670483856e+00,-2.374402515012998371e+00,-5.944461073758424696e+00,-6.034519450268590823e+00,-1.458333079432522617e+01,-1.236453030662151242e+01
0.000000000000000000e+00,0.000000000000000000e+00,0.000000000000000000e+00,0.000000000000000000e+00,0.000000000000000000e+00,0.000000000000000000e+00
-9.999989999999999712e-01,-9.000000000000000222e-01,-9.000000000000000222e-01,-1.897388999999999992e+00,-9.990000000000000213e+00,0.000000000000000000e+00
-3.211784018999999990e+00,-2.709972423927899943e+00,-3.415990825000800424e+00,-3.219025015800000666e+00,-1.241535835351800010e+01,-1.169266246289999955e+01
-2.685672990000000038e+00,-3.218064890580000004e+00,-2.693053081808999938e+00,-2.555854273800000076e+00,-1.168486209000000109e+01,-1.158796800000000005e+01
-1.809180000000000010e+00,-1.801800000000000068e+00,-1.801889999999999992e+00,-1.899665919000000036e+00,-1.088208990000000043e+01,-9.900000000000000355e+00
0.000000000000000000e+00,0.000000000000000000e+00,0.000000000000000000e+00,0.000000000000000000e+00,0.000000000000000000e+00,0.000000000000000000e+00
-7.172903145543490844e+00,-4.440939433707509210e+00,-7.199046339205588119e+00,-7.173179788019466763e+00,-1.508504833799625544e+01,-1.511804531126811568e+01
-2.718853753320146005e+00,-1.527113905569998487e+00,-3.159954184976504710e+00,-2.681835540869395018e+00,-1.138821411971003350e+01,-1.305241989223118360e+01
-6.216119115634966441e+00,-3.823266037160528708e+00,-6.222762293147039436e+00,-6.290114129642452312e+00,-1.442955943630213511e+01,-1.452389973485212593e+01
-4.910780442595366502e+00,-3.136962263513022098e+00,-4.992630111559146044e+00,-4.965987157191895207e+00,-1.307077658612959148e+01,-1.290892367334762802e+01
0.000000000000000000e+00,0.000000000000000000e+00,0.000000000000000000e+00,0.000000000000000000e+00,0.000000000000000000e+00,0.000000000000000000e+00
-6.238579692890934503e+00,-3.136962264149156798e+00,-6.266002922690953270e+00,-6.266014062738473278e+00,-1.476594288595520688e+01,-1.354589749663838738e+01
-3.895322685427800025e+00,-5.856821173000065217e-01,-3.996427289654970405e+00,-1.756444963652686209e+00,-1.169313364889999995e+01,-1.233087195617190091e+01
-5.808747689504112799e+00,-3.364872863044722440e+00,-3.136962263511698712e+00,-3.993064557603766218e+00,-1.302385456592190138e+01,-1.241546849120249973e+01
-7.548908205848539943e+00,-4.440939463260784592e+00,-7.511154958421800920e+00,-7.463508537065071557e+00,-1.638470551000018460e+01,-1.558818513564046171e+01
0.000000000000000000e+00,0.000000000000000000e+00,0.000000000000000000e+00,0.000000000000000000e+00,0.000000000000000000e+00,0.000000000000000000e+00
-4.684292389981303373e+00,-3.823266037160528708e+00,-7.099540570395678429e+00,-6.904808187583745926e+00,-1.349098634109019734e+01,-1.334234291329356026e+01
7.371956004363133808e-02,3.343948421209248512e-01,-2.131665619309921489e-01,1.622614628377475388e+00,2.914016300000002335e+00,-7.381568070213944566e+00
4.348283910300001942e+00,2.914015692114835687e+00,2.914007853989197816e+00,4.348906340213453348e+00,5.943230000000002455e+00,-4.651093069073430897e+00
1.622614664349451452e+00,4.598240503974761473e-01,4.603524778683564800e-01,1.622559047331072257e+00,2.914016300000002335e+00,-7.377390276865781082e+00
0.000000000000000000e+00,0.000000000000000000e+00,0.000000000000000000e+00,0.000000000000000000e+00,0.000000000000000000e+00,0.000000000000000000e+00
2.899422846139223076e+00,4.348907000000002299e+00,1.622561281895612550e+00,2.914012264362143778e+00,-6.085998568078774262e+00,1.622598380035289223e+00
5.943229993156766255e+00,7.714700000000002333e+00,4.197939217393757083e+00,5.943160659709753268e+00,-3.056829432339051689e+00,4.348906400002197969e+00
2.913201478465485827e+00,4.348907000000002299e+00,5.638918933097936126e-01,2.238479796913767750e+00,-6.086045171518686736e+00,1.621992243916847487e+00
1.699999999999997868e+01,1.430000000000000071e+01,1.430000000000000071e+01,1.700000000000000000e+01,8.000000000000000000e+00,2.000000000000000000e+01
0.000000000000000000e+00,0.000000000000000000e+00,0.000000000000000000e+00,0.000000000000000000e+00,0.000000000000000000e+00,0.000000000000000000e+00
-5.660213338731457711e+00,-4.996845490100032094e+00,-5.533673893141799027e+00,-5.440156905311364532e+00,-1.464187286848489400e+01,-1.593182110119269623e+01
-5.482344768733458551e+00,-5.487484599440601407e+00,-5.480390973363078011e+00,-2.374402515012998371e+00,-1.358116558617123637e+01,-1.441587969918002443e+01
-5.121873777063971289e+00,-6.338848547045359716e+00,-6.242635886497698294e+00,-4.440939433446313700e+00,-1.457817879438056252e+01,-1.457585643304798140e+01
-5.374260381058191705e+00,-2.374402515039481631e+00,-5.026236221855572950e+00,-5.061840066363535229e+00,-1.226236494263849330e+01,-1.239984048894389979e+01
0.000000000000000000e+00,0.000000000000000000e+00,0.000000000000000000e+00,0.000000000000000000e+00,0.000000000000000000e+00,0.000000000000000000e+00
-6.298099362550780178e+00,-2.374402515013036563e+00,-6.334902623247897324e+00,-6.243067489402530867e+00,-1.364843978022464199e+01,-1.462606621170069232e+01
-3.759678549000000647e+00,4.603532030000018760e-01,-3.959548297922970139e+00,-3.900762710875800288e+00,-9.617114375909197932e+00,-1.238344563168000079e+01
-5.399692211380513029e+00,-2.374402515012998371e+00,-3.363141485633440730e+00,-5.346023500489891056e+00,-1.383382700411361554e+01,-1.216035780396783039e+01
-7.608098594014823135e+00,-4.996845490100028542e+00,-7.556413058905787850e+00,-7.579011984502718846e+00,-1.631074053686802827e+01,-1.608858891126143931e+01
0.000000000000000000e+00,0.000000000000000000e+00,0.000000000000000000e+00,0.000000000000000000e+00,0.000000000000000000e+00,0.000000000000000000e+00
-6.877413781691529948e+00,-6.894965532752733495e+00,-5.185765416779032577e+00,-4.440939433444476059e+00,-1.444970616723686696e+01,-1.416600696263606807e+01
1.436525292422161648e-01,-3.226050502062570491e+00,9.005185843749385910e-02,1.622614669999622228e+00,-1.222457241869190092e+01,-1.170747502650000094e+01
2.601490396663934668e+00,8.868433002719067204e-01,2.882359347404289007e+00,4.348907000000002299e+00,-9.058574394831909515e+00,-9.000000000000000000e+00
-9.155337597145241091e-02,-4.911905959591726933e+00,2.326126367046374988e-01,1.622614670000002146e+00,-8.542815747678186966e+00,-1.405922253761535323e+01
0.000000000000000000e+00,0.000000000000000000e+00,0.000000000000000000e+00,0.000000000000000000e+00,0.000000000000000000e+00,0.000000000000000000e+00
-1.898100899999999980e+00,2.914015223923686726e+00,1.261534917778901921e+00,1.708140944072123579e+00,-1.089090090000000011e+01,-1.088181900000000013e+01
3.336895501730869018e+00,-1.801889999999999992e+00,-9.999000000000000110e-01,5.937208193484035945e+00,-5.673004498269131446e+00,-9.990000000000000213e+00
-3.818878752536019050e+00,-3.941364891798000425e+00,-3.756414932288190123e+00,2.850489499214199363e+00,-1.275153206148729090e+01,-1.297119167525267969e+01
1.412209343102778014e+01,1.179092925870409658e+01,1.240974899999999970e+01,1.700000000000000000e+01,4.769999998410279218e+00,4.952002679999999657e+00
